VarPos,VarID,RefPattern,VarPattern,VarName
241,241,C,T,
670,670,T,G,
733,733,T,C,733*
772,772,T,C,
835,835,C,T,
1059,1059,C,T,T85I
1381,1381,A,G,
1498,1498,C,T,1498*
1807,1807,A,G,1807*
1820,1820,G,A,G339S
2037,2037,C,T,A411V
2749,2749,C,T,2749*
2790,2790,C,T,
2832,2832,A,G,K38R
2945,2945,G,A,G76S
3037,3037,C,T,
3267,3267,C,T,T183I
3428,3428,A,G,T237A
3457,3457,C,T,3457
3743,3743,C,T,H342Y
3828,3828,C,T,S370L
3961,3961,C,T,3961*
4184,4184,G,A,
4878,4878,C,T,T720I
4926,4926,A,G,D736G
4940,4940,C,T,L741F
4965,4965,C,T,T749I
5184,5184,C,T,P822L
5230,5230,G,T,K837N
5386,5386,T,G,
5388,5388,C,A,A890D
5648,5648,A,C,K977Q
5924,5924,G,A,
6037,6037,C,T,
6512,6512,A,AGTT,
6954,6954,T,C,I1412T
7296,7296,C,T,A1526V
7424,7424,T,G,F1569V
7479,7479,A,G,N1587S
7564,7564,C,A,
7798,7798,G,T,K1693N
7843,7843,C,T,
8208,8208,C,T,T1830I
8393,8393,G,A,A1892T
8593,8593,T,C,
8704,8704,T,C,
8986,8986,C,T,
9072,9072,C,T,T173I
9203,9203,G,A,D217N
9424,9424,A,G,
9534,9534,C,T,
9565,9565,C,T,
9857,9857,C,T,
9866,9866,C,T,
9867,9867,T,C,L438P
9891,9891,C,T,A446V
10029,10029,C,T,T492I
10116,10116,C,T,T21I
10198,10198,C,T,
10323,10323,A,G,K90R
10447,10447,G,A,
10449,10449,C,A,
10634,10634,G,T,A194S
10667,10667,T,G,L205V
11201,11201,A,G,T77A
11230,11230,G,T,M86I
11266,11266,G,T,L98F
11287,11287,G,TCTGGTTTT,
11308,11308,C,A,D112E
11322,11322,C,T,A117V
11325,11325,C,T,S118L
11451,11451,A,G,Q160R
11503,11503,T,C,
11521,11521,G,T,M183I
11537,11537,A,G,I189V
11824,11824,C,T,
12049,12049,C,T,
12053,12053,C,T,L71F
12778,12778,C,T,
12964,12964,A,G,
13057,13057,A,T,
13195,13195,T,C,
13617,13617,G,A,
13860,13860,C,T,
14407,14407,C,T,P323F
14408,14408,C,T,
14740,14740,T,G,S434A
15240,15240,C,T,
16293,16293,C,T,
16549,16549,G,T,D105Y
16852,16852,G,T,G206C
17339,17339,C,T,A368V
17523,17523,G,T,M429I
18163,18163,A,G,
18171,18171,C,T,
18395,18395,C,T,A119V
19009,19009,G,T,
20148,20148,C,T,
20396,20396,A,G,K259R
20578,20578,G,A,V320M
20724,20724,A,G,
21597,21597,C,T,S12F
21618,21618_1,C,G,T19R
21618,21618_2,C,T,T19I
21621,21621,C,A,T20N
21638,21638,C,T,P26S
21717,21717,A,G,Q52R
21762,21762,C,T,
21764,21764,A,TACATG,H69-
21801,21801_1,A,C,D80A
21801,21801_2,A,G,D80G
21846,21846,C,T,T95I
21867,21867,G,T,R102I
21980,21980,T,TTTTGGGTG,
21987,21987,G,A,G142D
21990,21990_1,T,TTA,Y144-
21990,21990_2,T,ACT,
21986,21986,G,GTGTTTATT,
22016,22016,T,A,W152R
22033,22033,C,A,F157L
22200,22200,T,G,
22206,22206,A,G,D215G
22280,22280,A,CTTTACTTG,
22298,22298,A,GAAGTTATTTGACTCCTGGTG,
22388,22388,C,T,
22578,22578,G,A,
22599,22599,G,A,R346K
22600,22600,A,C,R346S
22661,22661,G,T,V367F
22673,22673,T,C,
22674,22674,C,T,
22679,22679,T,C,
22687,22687,C,T,
22688,22688,A,G,
22775,22775,G,A,
22786,22786,A,C,
22812,22812,A,C,K417T
22813,22813,G,T,K417N
22879,22879,C,G,N439K
22882,22882,T,G,
22898,22898,G,A,
22917,22917_1,T,G,L452R
22917,22917_2,T,A,L452Q
22992,22992,G,A,
22995,22995,C,A,T478K
23012,23012_1,G,A,E484K
23012,23012_2,G,C,E484Q
23013,23013,A,C,E484A
23031,23031,T,C,F490S
23040,23040,A,G,Q493R
23048,23048,G,A,G496S
23055,23055,A,G,Q498R
23063,23063,A,T,N501Y
23202,23202,C,A,T547K
23271,23271,C,A,A570D
23287,23287,T,C,
23341,23341,T,C,
23401,23401,G,T,Q613H
23403,23403,A,G,
23525,23525,C,T,H655Y
23593,23593,G,C,Q677H
23599,23599,T,G,N679K
23604,23604_1,C,A,P681H
23604,23604_2,C,G,P681R
23664,23664,C,T,A701V
23709,23709,C,T,T716I
23854,23854,C,A,
23948,23948_1,G,C,D796H
23948,23948_2,G,T,
24130,24130,C,A,
24138,24138,C,A,T859N
24187,24187,T,A,
24224,24224,T,C,F888L
24257,24257,G,T,A899S
24410,24410,G,A,D950N
24424,24424,A,T,
24469,24469,T,A,
24503,24503,C,T,
24506,24506,T,G,S982A
24642,24642,C,T,T1027I
24748,24748,C,T,
24836,24836,G,A,E1092K
24863,24863,C,T,H1101Y
24914,24914,G,C,D1118H
24950,24950,A,G,I1130V
24977,24977,G,C,D1139H
25000,25000,C,T,
25088,25088,G,T,V1176F
25276,25276,C,A,
25469,25469,C,T,S26L
25510,25510,T,A,
25563,25563,G,T,Q57H
25584,25584,C,T,
25904,25904,C,T,S171L
26157,26157,T,GTTA,
26270,26270,C,T,
26305,26305,C,T,L21F
26456,26456,C,T,P71L
26492,26492,A,T,
26530,26530,A,G,D3G
26577,26577,C,G,Q19E
26709,26709,G,A,A63T
26767,26767,T,C,I82T
27092,27092,C,T,
27259,27259,A,C,
27297,27297,C,T,
27384,27384,T,C,
27527,27527,C,T,
27638,27638,T,C,V82A
27752,27752,C,T,T120I
27807,27807,C,T,
27887,27887,A,AACGAACATGAAATT,
27897,27897,A,C,K2Q
27922,27922,A,CACAACTGTAGCTGCATTTCACCAAGAATGTAGT,
27925,27925,C,A,T11K
27970,27970,C,T,T26I
27972,27972,C,T,Q27stop
28005,28005,C,T,P38S
28048,28048,G,T,R52I
28111,28111,A,G,Y73C
28144,28144,T,C,L84S
28167,28167,G,A,E92K
28209,28209,G,T,E106
28253,28253,C,T,
28262,28262,G,AACA,
28270,28270,T,AA,
28271,28271_1,A,G,
28271,28271_2,A,T,
28272,28272,A,T,
28280,28280,G,C,D3L
28311,28311,C,T,
28461,28461,A,G,D63G
28472,28472,C,T,P67S
28512,28512,C,G,P80R
28628,28628,G,T,A119S
28699,28699,A,G,
28742,28742,A,G,I157V
28791,28791,C,T,A173V
28878,28878,G,A,S202N
28881,28881_1,G,T,R203M
28881,28881_2,G,A,
28882,28882,G,A,
28883,28883,G,C,
28887,28887,C,T,T205I
28895,28895,G,CTA,
28913,28913,G,T,G214C
28975,28975,G,T,M234I
29311,29311,C,T,
29402,29402,G,T,D377Y
29465,29465,G,A,A398T
29510,29510,A,C,
29543,29543,G,T,
